{
  "left": {
    "raw_charuco": {
      "max": 0.5827478383489867,
      "n": 60,
      "p50": 0.2885432708700557,
      "p95": 0.4826549700012578,
      "rms": 0.32566051930438644
    },
    "rayfield": {
      "max": 0.2886618928412492,
      "n": 60,
      "p50": 0.18404393935749164,
      "p95": 0.2695100963401729,
      "rms": 0.18765164231144665
    }
  },
  "rayfield_backend": "tps",
  "right": {
    "raw_charuco": {
      "max": 0.614570794172928,
      "n": 60,
      "p50": 0.3581702186686302,
      "p95": 0.5256335124941055,
      "rms": 0.3648408884973095
    },
    "rayfield": {
      "max": 0.2881322952920739,
      "n": 60,
      "p50": 0.15764073320405964,
      "p95": 0.2751016641740709,
      "rms": 0.18045006574064315
    }
  },
  "tps_lam": 10.0
}