{
  "left": {
    "raw_charuco": {
      "max": 0.7243200711685662,
      "n": 474,
      "p50": 0.3231909530563418,
      "p95": 0.5634115417651128,
      "rms": 0.3565812257356906
    },
    "rayfield": {
      "max": 0.48120334315060226,
      "n": 480,
      "p50": 0.19514953038262686,
      "p95": 0.3557197768599902,
      "rms": 0.21945194116370578
    }
  },
  "rayfield_backend": "tps",
  "right": {
    "raw_charuco": {
      "max": 0.7538832219110884,
      "n": 474,
      "p50": 0.31981224312548207,
      "p95": 0.5593069610518111,
      "rms": 0.3558790503084002
    },
    "rayfield": {
      "max": 0.39072215989271086,
      "n": 480,
      "p50": 0.1362211588235578,
      "p95": 0.2599977753757157,
      "rms": 0.1528282446118873
    }
  },
  "tps_lam": 10.0
}