{
  "dataset_root": "/home/jeff/StereoComplex/dataset/v0_png",
  "gt": {
    "baseline_mm": 170.78787723319832,
    "left": {
      "K": [
        [
          1216.7138044435294,
          0.0,
          399.5
        ],
        [
          0.0,
          1216.7138044435294,
          299.5
        ],
        [
          0.0,
          0.0,
          1.0
        ]
      ],
      "dist": [
        0.12700349940811692,
        -0.04021660839652088,
        0.00767410947823205,
        0.009357424634668461,
        0.0007782273137719147
      ]
    },
    "right": {
      "K": [
        [
          1216.7138044435294,
          0.0,
          399.5
        ],
        [
          0.0,
          1216.7138044435294,
          299.5
        ],
        [
          0.0,
          0.0,
          1.0
        ]
      ],
      "dist": [
        -0.07651061967936106,
        0.058363487297534024,
        -0.0068696888789977085,
        0.005795209253633032,
        0.007796412275380848
      ]
    }
  },
  "methods": {
    "raw": {
      "mono": {
        "delta_vs_gt": {
          "left": {
            "K": {
              "cx": -4.59449336726351,
              "cy": 1.9695508382514504,
              "fx": -0.7541549331474471,
              "fy": 0.11645785129235264
            },
            "dist": [
              0.032872956040178064,
              -0.45469800670696575,
              -0.00022723718290667237,
              -0.0018313953366273818,
              2.250970942196267
            ]
          },
          "right": {
            "K": {
              "cx": -1.912248589544788,
              "cy": 1.4282138942148777,
              "fx": -20.341889900439128,
              "fy": -18.78331096283796
            },
            "dist": [
              0.008633905570317929,
              -8.37845538268489e-05,
              0.0015329264407359768,
              0.00025770241653888266,
              0.32534647844914344
            ]
          }
        },
        "distortion_displacement_vs_gt": {
          "left": {
            "err_rms_percent_of_gt": 14.59967176150061,
            "err_rms_px": 0.204909831704652,
            "gt_rms_px": 1.4035235521174796
          },
          "right": {
            "err_rms_percent_of_gt": 15.74634762854753,
            "err_rms_px": 0.14906485918720608,
            "gt_rms_px": 0.9466630783433212
          }
        },
        "focal_um": {
          "gt_left": {
            "fx_um": 5937.556676880016,
            "fy_um": 5937.556676880016
          },
          "gt_right": {
            "fx_um": 5937.556676880016,
            "fy_um": 5937.556676880016
          },
          "left": {
            "fx_um": 5933.876404952174,
            "fy_um": 5938.1249905541035
          },
          "right": {
            "fx_um": 5838.28836599408,
            "fy_um": 5845.894222641388
          }
        },
        "left": {
          "K": [
            [
              1215.959649510382,
              0.0,
              394.9055066327365
            ],
            [
              0.0,
              1216.8302622948218,
              301.46955083825145
            ],
            [
              0.0,
              0.0,
              1.0
            ]
          ],
          "dist": [
            0.15987645544829499,
            -0.4949146151034866,
            0.007446872295325377,
            0.00752602929804108,
            2.2517491695100387
          ],
          "rms": 0.3058767820742872
        },
        "percent_vs_gt": {
          "left": {
            "K": {
              "fx": 0.06198293554270668,
              "fy": 0.009571507355882698
            },
            "dist": {
              "k1": 25.883504150183377,
              "k2": 1130.6224588205243,
              "k3": 289243.37431517965,
              "norm_l2": 1716.885867020662,
              "p1": 2.9610886259994165,
              "p2": 19.57157453175971
            }
          },
          "right": {
            "K": {
              "fx": 1.6718713822551394,
              "fy": 1.5437739667487875
            },
            "dist": {
              "k1": 11.284584553753064,
              "k2": 0.14355645576783238,
              "k3": 4173.028143682288,
              "norm_l2": 335.66031584461786,
              "p1": 22.314350296452314,
              "p2": 4.446818143405751
            }
          }
        },
        "right": {
          "K": [
            [
              1196.3719145430903,
              0.0,
              397.5877514104552
            ],
            [
              0.0,
              1197.9304934806914,
              300.9282138942149
            ],
            [
              0.0,
              0.0,
              1.0
            ]
          ],
          "dist": [
            -0.06787671410904313,
            0.058279702743707175,
            -0.005336762438261732,
            0.006052911670171915,
            0.3331428907245243
          ],
          "rms": 0.30233317845581625
        }
      },
      "n_frames": 8,
      "n_views_left": 8,
      "n_views_right": 8,
      "n_views_stereo": 8,
      "stereo": {
        "R": [
          [
            0.9999965317620834,
            -0.00019528021824118995,
            -0.0026264671025777258
          ],
          [
            0.00019576347592305647,
            0.9999999639582272,
            0.00018373950518259894
          ],
          [
            0.002626431127224524,
            -0.00018425303425967412,
            0.99999653394917
          ]
        ],
        "T": [
          -170.18036633185577,
          0.3639628125514321,
          -18.899902831619432
        ],
        "baseline_delta_mm": 0.439152995145605,
        "baseline_delta_px": {
          "max": 0.6025674720208853,
          "n": 468,
          "p95": 0.5874036460879184,
          "rms": 0.423502859444773
        },
        "baseline_est_mm": 171.22703022834392,
        "depth_mm": {
          "n": 468,
          "p05": 909.0722076416016,
          "p50": 1538.8677368164062,
          "p95": 1611.7295349121093
        },
        "ray_skew_distance_mm": {
          "max": 1.2553135596882727,
          "n": 468,
          "p95": 0.8269610613460546,
          "rms": 0.400457639602299
        },
        "rectification": {
          "disparity_error_measured_px": {
            "max": 0.9354452233093298,
            "n": 468,
            "p95": 0.7163478541724941,
            "rms": 0.3689851730063105
          },
          "vertical_disparity_gt_px": {
            "max": 0.6210397764468141,
            "n": 468,
            "p95": 0.4800585846488502,
            "rms": 0.2442175654204567
          },
          "vertical_disparity_measured_px": {
            "max": 1.0913794074905923,
            "n": 468,
            "p95": 0.7575768290037841,
            "rms": 0.37877595372830786
          }
        },
        "rms": 0.3805563545163957,
        "triangulation_error_mm": {
          "max": 21.70448415666816,
          "n": 468,
          "p95": 16.627914183091956,
          "rms": 8.985745994608003
        },
        "triangulation_error_rel_z_percent": {
          "max": 1.3881627816445812,
          "n": 468,
          "p95": 1.0574997881611155,
          "rms": 0.6147777468587111
        }
      },
      "view_stats": {
        "left": {
          "frame_ids": [
            0,
            1,
            2,
            3,
            4,
            5,
            6,
            7
          ],
          "n_corners": {
            "max": 60.0,
            "mean": 59.25,
            "min": 54.0,
            "n": 8,
            "p50": 60.0,
            "p95": 60.0
          }
        },
        "right": {
          "frame_ids": [
            0,
            1,
            2,
            3,
            4,
            5,
            6,
            7
          ],
          "n_corners": {
            "max": 60.0,
            "mean": 59.25,
            "min": 54.0,
            "n": 8,
            "p50": 60.0,